source_id,title,authors,journal,year,doi,pmid,trial,study_type,prespecified_or_posthoc,population,intervention,comparator,primary_endpoint,key_result,limitations,evidence_level,used_for_claims
SUSTAIN6-PIONEER6-EGFR-KI-2023,"Post hoc analysis of SUSTAIN 6 and PIONEER 6 trials suggests that people with type 2 diabetes at high cardiovascular risk treated with semaglutide experience more stable kidney function compared with placebo","Tuttle KR; Bosch-Traberg H; Cherney DZI; et al.","Kidney Int",2023,10.1016/j.kint.2022.12.028,36738891,"SUSTAIN-6 + PIONEER-6 pooled",Post hoc pooled analysis,Post hoc,"T2D at high CV risk; N=6480 (3239 semaglutide/3241 placebo)","Semaglutide SC/oral",Placebo,"Annual eGFR slope and persistent >=30%, >=40%, >=50%, or >=57% eGFR decline","Annual-slope difference +0.59 (0.29-0.89) mL/min/1.73m2; all four persistent-decline HR point estimates below 1 overall and numerically lower at baseline eGFR 30-<60, without detected treatment-by-eGFR interaction","PubMed abstract does not report the four threshold-specific HRs/CIs/P values; version of record not acquired; multiple post hoc thresholds and non-kidney-enriched CVOT populations",Suggestive (post hoc; directional threshold evidence),"05;12;15"
SUSTAIN6LEADER-KIDNEY-CIRC-2021,"Effect of the Glucagon-Like Peptide-1 Receptor Agonists Semaglutide and Liraglutide on Kidney Outcomes in Patients With Type 2 Diabetes: Pooled Analysis of SUSTAIN 6 and LEADER","Shaman AM; Bain SC; Bakris GL; et al.",Circulation,2022,10.1161/CIRCULATIONAHA.121.055459,34903039,"SUSTAIN-6 + LEADER pooled",Post hoc pooled analysis,Post hoc,"T2D at high CV risk; pooled semaglutide and liraglutide parent CVOTs","Semaglutide or liraglutide",Placebo,"Persistent >=30%, >=40%, >=50%, or >=57% eGFR decline","Overall HRs: >=30% 0.92 (0.84-1.02), P=0.10; >=40% 0.86 (0.75-0.99), P=0.039; >=50% 0.80 (0.66-0.97), P=0.023; >=57% 0.89 (0.69-1.13), P=0.34","Post hoc, pooled two different molecules and non-kidney-enriched CVOTs; multiple thresholds; nominal 40%/50% results cannot be assigned to semaglutide alone",Suggestive (post hoc pooled-molecule evidence),"05;12;15"
ADA-STANDARDS-2025,"11. Chronic Kidney Disease and Risk Management: Standards of Care in Diabetes-2025","American Diabetes Association Professional Practice Committee","Diabetes Care",2025,10.2337/dc25-S011,39651975,n/a,Clinical practice guideline,n/a,n/a,n/a,n/a,n/a,"Final guideline: Recommendation 11.5a retained SGLT2i with demonstrated benefit for T2D+CKD at eGFR>=20; 11.5b recommended a GLP-1 agonist with demonstrated benefit to reduce CV risk and kidney-disease progression","Official article/PDF directly checked; educational/nonprofit-use license does not authorize alteration or unrestricted redistribution; recommendation does not prove combination additivity or displace SGLT2i foundational evidence",High (final guideline; official recommendation verified),"01;11;12;13;15"
FLOW-PRIMARY-2024,"Effects of Semaglutide on Chronic Kidney Disease in Patients with Type 2 Diabetes","Perkovic V; Tuttle KR; Rossing P; et al.","N Engl J Med",2024,10.1056/NEJMoa2403347,38785209,FLOW (NCT03819153),RCT,Primary,"T2D + CKD; eGFR 25-75 with two enrollment pathways by UACR; on max tolerated/labeled RASi; N=3533 (1767/1766)","Semaglutide 1.0 mg SC weekly",Placebo,"5-component composite: sustained >=50% eGFR decline, persistent eGFR<15, chronic KRT initiation, kidney death, CV death","Primary composite 331 (18.7%) vs 410 (23.2%), HR 0.76 (0.66-0.88) P=0.0003, NNT 20 (14-40) @3y; kidney-specific 4-component composite 218 (12.3%) vs 260 (14.7%) HR 0.79 (0.66-0.94); CV death alone HR 0.71 (0.56-0.89); total eGFR slope diff 1.16 (0.86-1.47) mL/min/1.73m2/yr; baseline-to-week-12 eGFR change -1.07 vs -1.05, difference -0.03 (-0.56 to 0.51), showing no semaglutide-specific differential dip through week 12 while not excluding an earlier resolved transient; chronic week-12-to-end slope -2.36 vs -3.30, difference +0.94 (0.62-1.26); MACE HR 0.82 (0.68-0.98); all-cause death HR 0.80 (0.67-0.95); week-156 MACE/mortality NNTs are sourced separately to FLOW-CKDSEVERITY-2025","Crossed the efficacy boundary at the prespecified approximately 570-event interim; 741/854 planned events had accrued by final database lock after the stop recommendation; confirmatory secondaries not GSD-adjusted; only 15.6% baseline SGLT2i, 7.3% MRA (0 finerenone); not powered for kidney-failure components alone; mostly White population; industry-sponsored (Novo Nordisk)",High,"02;03;04;06;09;10;11;12;13;14;15"
FLOW-SUPPLEMENT-2024,"Supplementary Appendix to Perkovic et al. 2024 (FLOW)","Perkovic V; Tuttle KR; Rossing P; et al.","NEJM.org supplement",2024,10.1056/NEJMoa2403347,38785209,FLOW (NCT03819153),Supplementary appendix,n/a,"as FLOW-PRIMARY-2024","as FLOW-PRIMARY-2024","as FLOW-PRIMARY-2024","as FLOW-PRIMARY-2024","Verbatim eligibility criteria (two eGFR/UACR pathways, eGFR>=60 capped at 20% of N); alpha-spending/interim-analysis mechanics (Lan-DeMets, O'Brien-Fleming-approximating, nominal two-sided 0.0322); CV death ~35% of primary-endpoint components (Table S2 note, not an exact first-event or treatment-effect share); Table S3 sensitivity analyses (HR range 0.75-0.77); Table S4 safety detail","This 33-page supplementary appendix is distinct from the separately posted standalone protocol and SAP; component rows in Table 2/S2 overlap and are not a mutually exclusive first-event partition; confirmatory secondary outcomes not separately GSD-adjusted",High,"02;03;06;09;10;12;13;14;15"
FLOW-DESIGN-2023,"The rationale, design and baseline data of FLOW, a kidney outcomes trial with once-weekly semaglutide in people with type 2 diabetes and chronic kidney disease","Rossing P; Baeres FMM; Bakris G; et al.","Nephrol Dial Transplant",2023,10.1093/ndt/gfad009,36651820,FLOW (NCT03819153),Trial design/baseline paper,n/a,"T2D + CKD as designed",n/a,n/a,n/a,"Reports N=3534 at baseline/design stage vs 3533 randomized in the primary publication; checked sources do not establish the reason for this difference (not inferred as enrolled-vs-randomized/dosed/analysis-population)","Design/rationale paper; full text obtained but reason for N discrepancy not established by any checked source",High (bibliographic identity); discrepancy unresolved,"01;02;12;15"
FLOW-DESIGN-2023-CORRECTION,"Correction to: The rationale, design and baseline data of FLOW","Rossing P; et al.","Nephrol Dial Transplant",2024,10.1093/ndt/gfad252,38033315,FLOW (NCT03819153),Erratum,n/a,n/a,n/a,n/a,n/a,"One-page correction notice; does not substitute for design-paper full text",n/a,"High (identity only)","01"
FLOW-SGLT2-2024,"Effects of semaglutide with and without concomitant SGLT2 inhibitor use in participants with type 2 diabetes and chronic kidney disease in the FLOW trial","Mann JFE; Rossing P; Bakris G; et al.","Nat Med",2024,10.1038/s41591-024-03133-0,38914124,FLOW (NCT03819153),RCT prespecified subgroup analysis,Prespecified,"FLOW participants by baseline SGLT2i use: users n=550 (277/273) vs non-users n=2983 (1490/1493)","Semaglutide 1.0 mg SC weekly",Placebo,"Primary 5-component composite (sustained >=50% eGFR decline, persistent eGFR<15, chronic KRT, kidney death, or CV death) and kidney-specific 4-component composite, by baseline SGLT2i subgroup","Primary composite: users HR 1.07 (0.69-1.67) vs non-users HR 0.73 (0.63-0.85), P-interaction=0.109; kidney-specific composite: users HR 1.18 (0.71-1.98) vs non-users HR 0.75 (0.61-0.90), P-interaction=0.100; sustained >=50% eGFR-decline component: users HR 1.30 (0.76-2.26), 30/277 vs 23/273, non-users HR 0.66 (0.53-0.83), 135/1489 vs 190/1493, nominal P-interaction=0.023; creatinine total-slope differences +0.75 (-0.01 to 1.50) vs +1.25 (0.91-1.58), P-interaction=0.237; post hoc cystatin-C five-component HR 0.74 (0.47-1.16) vs 0.70 (0.60-0.82), P-interaction=0.844; cystatin-C slope differences +0.92 (0.16-1.68) vs +1.55 (1.21-1.88), P-interaction=0.142; week-104 cystatin-C change differences +3.5 (1.6-5.4) vs +3.4 (2.5-4.2), P-interaction=0.901; exposure-defined semaglutide effects HR 0.88 vs 0.70, P-interaction=0.169; time-varying-SGLT2i-adjusted semaglutide-vs-placebo coefficient HR 0.75 (0.65-0.86), not an ever-vs-never effect; UACR reduction 24% vs 34%, P-interaction=0.279","Subgroup underpowered (only 79 primary events in SGLT2i-user stratum); baseline and subsequent SGLT2i exposure were non-randomized; asymmetric post-randomization initiation has no identifiable bias direction; hard-composite HRs 1.07/1.18 and wide CIs remain compatible with incremental benefit, null effect, or harm; isolated component P-interaction=0.023 is unadjusted for multiplicity and does not prove harm or true effect modification; post hoc cystatin-C concordance does not establish additivity",High (subgroup analysis; insufficient for definitive additive-benefit claim),"02;04;07;10;12;13;14;15"
FLOW-MRA-2025,"Effects of Semaglutide With or Without Concomitant Mineralocorticoid Receptor Antagonist Use in Participants With Type 2 Diabetes and Chronic Kidney Disease: A FLOW Trial Prespecified Secondary Analysis","Rossing P; Bakris G; Perkovic V; et al.","Diabetes Care",2025,10.2337/dc25-0472,40730031,FLOW (NCT03819153),RCT prespecified subgroup analysis,Prespecified,"FLOW participants by baseline MRA use: users n=257 (136/121; spironolactone 218, eplerenone 38, esaxerenone 1, finerenone 0) vs non-users n=3276 (1631/1645)","Semaglutide 1.0 mg SC weekly",Placebo,"Primary 5-component composite (sustained >=50% eGFR decline, persistent eGFR<15, chronic KRT, kidney death, or CV death), by baseline MRA subgroup","MRA users: 23/136 (16.9%) vs 36/121 (29.8%), HR 0.51 (0.30-0.86), 59 events; non-users: 308/1631 (18.9%) vs 374/1645 (22.7%), HR 0.79 (0.68-0.92), 682 events; P-interaction=0.12; exploratory 3-year NNT: users 9, non-users 23; kidney-specific 4-component P-interaction=0.068; RRT-component P-interaction=0.027 (only 11 events, uncorrected)","Baseline MRA users were predominantly spironolactone/eplerenone; zero baseline finerenone users (not yet approved during FLOW recruitment, 2019-2021); explicitly exploratory subgroup per authors; subgroup NNTs not to be treated as trial-level; cannot support a semaglutide+finerenone additive-efficacy claim","High for overall FLOW effect; exploratory subgroup with no detected heterogeneity; semaglutide+finerenone specifically not established","02;03;04;08;11;12;13;14;15"
FLOW-CKDSEVERITY-2025,"Cardiovascular outcomes with semaglutide by severity of chronic kidney disease in type 2 diabetes: the FLOW trial","Mahaffey KW; Tuttle KR; Arici M; et al.","Eur Heart J",2025,10.1093/eurheartj/ehae613,39211948,FLOW (NCT03819153),RCT prespecified subgroup analysis,Prespecified,"FLOW participants by eGFR (<60/>=60), UACR (<300/>=300), and KDIGO risk class (low-moderate/high/very-high)","Semaglutide 1.0 mg SC weekly",Placebo,"CV death/MI/stroke and all-cause death, by CKD-severity strata","Overall CV death/MI/stroke HR 0.82 (0.68-0.98); by eGFR: <60 HR 0.87 (0.71-1.06), >=60 HR 0.59 (0.37-0.94) P-interaction .13; by UACR: <300 HR 1.04 (0.72-1.51), >=300 HR 0.75 (0.61-0.93) P-interaction .13; by KDIGO: low/moderate 0.67 (0.27-1.67), high 0.75 (0.50-1.12), very-high 0.84 (0.68-1.04) P-interaction .79; all-cause death overall HR 0.80 (0.67-0.95); all-cause death by UACR: <300 HR 1.17 (0.83-1.65) vs >=300 HR 0.70 (0.57-0.85) P-interaction=.01; nonfatal MI by eGFR: <60 HR 0.94 (0.63-1.39) vs >=60 HR 0.28 (0.09-0.87) P-interaction=.04; NNT (wk156): CV death/MI/stroke 45 (23-623), all-cause death 39 (21-238)","Historical local transcription misassigned the Figure 2 eGFR>=60 and KDIGO low/moderate/very-high values; the local reference file was corrected and the full matrix visually rechecked against the published Figure 2 image (PMCID PMC11931213) on 2026-09-05. Earlier/cached copies remain unsafe. The two significant interactions (UACR-mortality P=.01; eGFR-MI P=.04) are 2 of 15 uncorrected interaction tests and are judged likely due to chance by the trial's own authors",High (overall); Exploratory/hypothesis-generating (the two significant interactions),"02;03;04;05;12;13;14;15"
FLOW-HF-2024,"Effects of Semaglutide on Heart Failure Outcomes in Diabetes and Chronic Kidney Disease in the FLOW Trial","Pratley RE; Tuttle KR; Rossing P; et al.","J Am Coll Cardiol",2024,10.1016/j.jacc.2024.08.004,39217553,FLOW (NCT03819153),RCT prespecified secondary analysis,Prespecified,"FLOW participants by baseline HF status: HF present n=678 (342/336) vs absent","Semaglutide 1.0 mg SC weekly",Placebo,"HF event or CV death (composite); HF events alone; CV death alone; by baseline HF status","Composite HR 0.73 (0.62-0.87) P=0.0005; HF events alone HR 0.73 (0.58-0.92) P=0.0068; CV death alone HR 0.71 (0.56-0.89) P=0.0036; similar with (HR ~0.73) and without (HR ~0.72) baseline HF","Abstract-level only (CC BY-NC-ND 4.0 version of record; automated full-text retrieval returned HTTP 403, a route failure not a closed-access finding); NYHA/HFrEF-HFpEF breakdown not verified; does not establish FLOW as a dedicated HF-outcomes trial",High (abstract-verified),"04;05;12;13;14;15"
FLOW-CKDSEVERITY-2026-CJASN,"Kidney and Survival Outcomes with Semaglutide by CKD Severity in the FLOW Trial","Tuttle KR; Mann JFE; Mayrdorfer MM; et al.","Clin J Am Soc Nephrol",2026,10.2215/CJN.0000000974,41706532,FLOW (NCT03819153),RCT subgroup analysis,"Prespecified for primary-outcome/eGFR/UACR analyses; post hoc for all-cause-death analyses by CKD severity","FLOW participants by baseline eGFR (<30 to >=60) and UACR (<100 to >=2000 mg/g) severity strata","Semaglutide 1.0 mg SC weekly",Placebo,"Primary 5-component composite (sustained >=50% eGFR decline, persistent eGFR<15, chronic KRT, kidney death, or CV death) and all-cause death, by eGFR/UACR severity strata","Restates FLOW's own overall counts (primary composite 331/1767 vs 410/1766, HR 0.76 [0.66-0.88]; all-cause death 227/1767 vs 279/1766, HR 0.80 [0.67-0.95]) stratified by severity, not a separate cohort; prespecified primary-outcome analysis consistent across eGFR (P-interaction .83; Fig.1), including eGFR<30 subgroup n=400, 73/218 vs 67/182, HR 0.81 (0.58-1.13), and UACR (P-interaction .42; Fig.2); baseline-reclassified UACR<100 subgroup n=350, 13/177 vs 17/173, HR 0.70 (0.34-1.44), Fig.2; post hoc death estimate lowest at UACR>=2000 mg/g, HR 0.47 (0.31-0.70), P-interaction=.02 (Fig.5)","Official CC BY 4.0 PMC full text (PMCID PMC13143484) read directly on 2026-09-05; protocol screening required UACR >100/>300, so the imprecise baseline UACR<100 reclassification subgroup is not a prospectively eligible persistent-low-UACR cohort; no subgroup multiplicity adjustment or alpha protection and no subgroup power estimates; mortality-by-severity analyses were post hoc; UACR>=2000 mortality signal is exploratory and not proof of effect modification or larger absolute benefit; distinct from FLOW-CVPHENOTYPE-2026 - do not merge","High for prespecified primary-outcome analyses; Exploratory for post hoc mortality-by-severity analyses","03;04;12;13;14;15"
FLOW-CVPHENOTYPE-2026,"Kidney and Survival Benefits of Semaglutide in Diabetes With Chronic Kidney Disease: FLOW Trial Cardiovascular Subgroup Analyses","Tuttle KR; Bakris GL; Baeres FMM; et al.","J Am Coll Cardiol",2026,10.1016/j.jacc.2026.02.5125,42233552,FLOW (NCT03819153),RCT prespecified subgroup analysis,Prespecified,"FLOW by baseline ASCVD (n=1198), heart failure (n=678), or high total-CVD-risk without established CVD (PREVENT>=20%, n=1329 of 2000 without ASCVD/HF)","Semaglutide 1.0 mg SC weekly",Placebo,"Primary 5-component composite (sustained >=50% eGFR decline, persistent eGFR<15, chronic KRT, kidney death, or CV death) and all-cause death, by CV phenotype","Primary-outcome HR: ASCVD 0.80 (0.63-1.02) vs no ASCVD 0.74 (0.62-0.89), P-interaction=.62; HF 0.67 (0.49-0.93) vs no HF 0.79 (0.67-0.93), P-interaction=.40; high-risk-no-CVD 0.73 (0.58-0.91) vs non-high-risk 0.73 (0.49-1.08), P-interaction=.99. All-cause-death HR: ASCVD 0.82 (0.63-1.07) vs no ASCVD 0.78 (0.62-0.99), P-interaction=.79; HF 0.75 (0.54-1.05) vs no HF 0.81 (0.66-0.99), P-interaction=.74; high-risk 0.71 (0.52-0.95) vs non-high-risk 0.82 (0.47-1.43), P-interaction=.63. Published descriptive 3-year NNTs for these CV phenotypes only: ASCVD 22, HF 13, high-risk-no-CVD 17","Abstract-level only (CC BY-NC-ND 4.0 version of record; automated retrieval returned HTTP 403); no interaction P was below .40, which is failure to detect heterogeneity rather than equivalence; the published NNTs apply only to the three CV-phenotype strata and cannot be extended to KDIGO or UACR strata lacking published stratum-specific ARR/NNT; distinct from FLOW-CKDSEVERITY-2026-CJASN - do not merge",High (abstract-verified),"02;04;05;12;13;14;15"
FLOW-DIALYSIS-SAFETY-2026,"Safety of Semaglutide After Dialysis Initiation: An Individual-Level Pooled Analysis","Klein KR; et al.","Diabetes Care",2026,10.2337/dc26-0112,41893299,"Pooled: SUSTAIN-6, SELECT, FLOW, SOUL",Post hoc pooled safety analysis,Post hoc,"307 of a source-reported pooled analysis denominator of 34,064 initiated dialysis during follow-up; 165 remained on assigned drug (71 semaglutide/94 placebo)",Semaglutide (continued after dialysis initiation),Placebo,"Systematically collected SAEs, MACE, and discontinuation after dialysis initiation","Among the selected on-treatment cohort, SAEs were 32/71 (45%) vs 54/94 (57%), permanent discontinuation 8.5% vs 10.6%, MACE rates 9.7 vs 16.1 and mortality rates 13.8 vs 18.1 per 100 person-years; these are descriptive postrandomization comparisons, not causal efficacy estimates","ADA copyright/TDM-ML restriction on cached parse - figures were independently verified in the public structured abstract/official article page, never from the private parse alone; four parent trials' nominal randomized Ns sum to 34,084, leaving an unexplained 20-person difference from the source-reported 34,064 analysis denominator; very small selected cohort, post hoc, survivor/selection bias; ""no renal dose adjustment"" (PK fact) must not be conflated with proven efficacy in dialysis",Hypothesis-generating (continuation-safety signal only),"10;12;13;15"
SUSTAIN6-2016,"Semaglutide and Cardiovascular Outcomes in Patients with Type 2 Diabetes","Marso SP; Bain SC; Consoli A; et al.","N Engl J Med",2016,10.1056/NEJMoa1607141,27633186,SUSTAIN-6 (NCT01720446),RCT primary publication,Primary (CV); renal and retinopathy composites secondary,"T2D at high CV risk, N=3297 (1648/1649)","Semaglutide 0.5/1.0 mg SC weekly",Placebo,"3-point MACE (primary); nephropathy composite and retinopathy-complication composite (secondary)","MACE HR 0.74 (0.58-0.95): prespecified noninferiority achieved, with only post hoc/non-prespecified nominal evidence for superiority; nephropathy composite HR 0.64 (0.46-0.88) P=0.005, 62/1648 (3.8%) vs 100/1649 (6.1%); new persistent macroalbuminuria component alone 2.5% vs 4.9%; retinopathy complications HR 1.76 (1.11-2.78) P=0.02, 50 (3.0%) vs 29 (1.8%)","Trial was powered/prespecified for CV noninferiority, not superiority; nephropathy composite dominated by reduced new-onset persistent macroalbuminuria, not hard kidney endpoints; exact hard-component (creatinine-doubling/RRT/renal-death) event counts not recoverable from any source reached (NEJM full text paywalled to every attempt); retinopathy-complication outcome was prespecified, externally adjudicated, secondary and not multiplicity protected; serial retinal imaging/progression grading was not built into the trial",High (prespecified MACE noninferiority; abstract/secondary-verified); pre-FLOW hypothesis-generating for hard kidney endpoints,"05;06;09;10;12;14;15"
SUSTAIN6-RETINOPATHY-2018,"Semaglutide, reduction in glycated haemoglobin and the risk of diabetic retinopathy","Vilsboll T; Bain SC; Leiter LA; et al.","Diabetes Obes Metab",2018,10.1111/dom.13172,29178519,SUSTAIN-6,Secondary endpoint analysis,"Prespecified retinopathy-complication endpoint; post hoc explanatory analyses","SUSTAIN-6 T2D high-CV-risk population","Semaglutide 0.5/1.0 mg SC weekly",Placebo,"Time to first diabetic-retinopathy complication, externally adjudicated","50/1648 (3.0%) vs 29/1649 (1.8%), HR 1.76 (1.11-2.78), P=0.02","Secondary endpoint without multiplicity protection; trial lacked standardized retinal photographs/imaging and formal retinopathy grading; post hoc analyses suggest an early-worsening association with rapid HbA1c decline in participants with pre-existing retinopathy and insulin use, not proof of direct retinal toxicity",Supportive safety signal; mechanism explanatory only,"01;05;10;14"
PIONEER6-2019,"Oral Semaglutide and Cardiovascular Outcomes in Patients with Type 2 Diabetes","Husain M; Birkenfeld AL; Donsmark M; et al.","N Engl J Med",2019,10.1056/NEJMoa1901118,31185157,PIONEER-6,RCT primary publication (noninferiority),Primary (CV noninferiority),"T2D at high CV/renal risk, N=3183 (1591/1592)","Oral semaglutide 14 mg daily",Placebo,"3-point MACE (noninferiority)","MACE 61/1591 (3.8%) vs 76/1592 (4.8%), HR 0.79 (0.57-1.11); noninferiority met (P<0.001) but CI crosses 1, superiority not demonstrated; median follow-up 15.9 months","No dedicated renal composite; UACR never collected at all; short follow-up limits any renal signal; underpowered/too short for standalone renal conclusions",High (MACE; primary structured abstract verified); no kidney evidence,"05;14;15"
SUSTAIN6-PIONEER6-EGFR-NDT-2025,"Effect of semaglutide on kidney function across different levels of baseline HbA1c, blood pressure, body weight and albuminuria in SUSTAIN 6 and PIONEER 6","Apperloo EM; Cherney DZI; Kuhlman AB; et al.","Nephrol Dial Transplant",2025,10.1093/ndt/gfae150,38955363,"SUSTAIN-6 + PIONEER-6 pooled",Post hoc pooled analysis,Post hoc,"T2D at high CV risk (pooled 2 RCTs), N=6480 with eGFR data",Semaglutide SC/oral,Placebo,"eGFR slope by baseline subgroup","Pooled eGFR-slope difference 0.59 (0.29-0.89) mL/min/1.73m2/yr; SUSTAIN-6 alone 0.60 (0.24-0.96); consistent across HbA1c/BP/BMI strata (all P-interaction>0.5) and UACR strata (SUSTAIN-6-only subset, P-interaction 0.99)","Published online 2024, print issue 2025 - label as post hoc, pre-FLOW evidence; smaller magnitude than FLOW; not a dedicated-CKD population (PIONEER-6 excluded eGFR<30)",Suggestive (pre-FLOW eGFR-slope evidence),"04;05;06;09;15"
SUSTAIN6-MEDIATION-2021,"Potential kidney protection with liraglutide and semaglutide: exploratory mediation analysis","Mann JFE; Buse JB; Idorn T; et al.","Diabetes Obes Metab",2021,10.1111/dom.14443,34009708,"LEADER (liraglutide) and SUSTAIN-6 (semaglutide), analyzed separately",Post hoc exploratory mediation analysis,Post hoc,"LEADER N=9340 (605 kidney events); SUSTAIN-6 N=3297 (162 kidney events)","Liraglutide / Semaglutide",Placebo,"Mediated fraction of kidney-composite effect via HbA1c, systolic BP, body weight (CV-death-excluded composite, different from FLOW's own)","HbA1c mediated 25% (LEADER, 95% CI -7.1 to 67.3) / 26% (SUSTAIN-6, CI noncalculable); systolic BP mediated 9% (LEADER, 2.8-22.7) / 22% (SUSTAIN-6, CI noncalculable); body weight mediated 9% (LEADER, -7.9 to 35.5) / 0% (SUSTAIN-6, CI noncalculable and therefore uninformative rather than evidence of absent mediation)","Each candidate mediator and each trial were analyzed separately (only the SUSTAIN-6 dose arms were pooled); effects cannot be added and no joint mediation estimate exists. Different (CV-death-excluded, macroalbuminuria/creatinine-doubling-based) kidney composite than FLOW's own primary outcome; most CIs wide or noncalculable; not FLOW-specific, not re-tested within FLOW's own population",Suggestive (not strongly supported),"04;05;06;09;12;15"
SUSTAIN6-KDIGO-2024,"Change in KDIGO Risk Category With Semaglutide in SUSTAIN-6","Tuttle KR; et al.","Kidney Int Rep",2024,10.1016/j.ekir.2024.04.028,39081763,SUSTAIN-6,Post hoc analysis,Post hoc,"SUSTAIN-6 population",Semaglutide,Placebo,"KDIGO risk-category movement","Change in UACR was the main driver of favorable KDIGO risk-category movement; eGFR change drove progression mainly in already-high-risk stratum","Post hoc, low-power (most participants had preserved baseline kidney function); consistent with an albuminuria-dominant pre-FLOW signal",Suggestive,"05;09"
SELECT-KIDNEY-2024,"Long-term kidney outcomes of semaglutide in obesity and cardiovascular disease in the SELECT trial","Colhoun HM; Lingvay I; Brown PM; et al.","Nature Medicine",2024,10.1038/s41591-024-03015-5,38796653,SELECT (NCT03574597),RCT prespecified secondary analysis,Prespecified,"Overweight/obesity + established CVD, WITHOUT diagnosed diabetes (HbA1c<6.5% at entry; 66.4% prediabetic, 33.5% normoglycemic), N=17,604 (8803/8801)","Semaglutide 2.4 mg SC weekly",Placebo,"Composite: kidney-disease death, chronic KRT initiation, persistent eGFR<15, persistent >=50% eGFR decline, or onset of persistent macroalbuminuria; continuous eGFR and UACR outcomes","Composite HR 0.78 (0.63-0.96), P=.02; 1.8% vs 2.2%. Week-104 eGFR difference +0.75 (0.43-1.06), and +2.19 (1.00-3.38) in baseline eGFR<60; total slope +0.39 (0.30-0.48), chronic week-20-to-end slope +0.29 (0.18-0.40), and European-subset acute baseline-to-week-16 slope -1.33 (-2.68 to 0.02) mL/min/1.73m2/yr; week-104 UACR relative difference -10.7% (-13.2 to -8.2), with baseline-UACR strata <30: -8.1% (-10.6 to -5.6), 30-<300: -27.2% (-35.3 to -18.1), >=300: -31.4% (-54.9 to 4.3). Event effect driven by macroalbuminuria onset and >=50% eGFR-decline components; weight mediation of week-104 eGFR change estimated at 81% (41-120%)","No diabetes-specific dedicated CKD population; different dose (2.4mg) from FLOW; composite includes softer macroalbuminuria-onset component and hard components were sparse; continuous outcomes were secondary and P values unadjusted; eGFR<60 rise in both arms may partly reflect regression to mean; acute slope evaluable only in a European subset; only ~1/5 had eGFR<60 or UACR>=30; mediation was on eGFR change, not the hard composite, and was suggestive rather than definitive",High for prespecified SELECT secondary outcomes; extrapolation to dedicated albuminuric CKD requires caution,"04;06;09;12;13;14;15"
SELECT-PRIMARY-2023,"Semaglutide and Cardiovascular Outcomes in Obesity without Diabetes","Lincoff AM; Brown-Frandsen K; Colhoun HM; et al.","N Engl J Med",2023,10.1056/NEJMoa2307563,37952131,SELECT (NCT03574597),RCT primary publication,Primary (CV),"Overweight/obesity + established CVD, no diabetes, N=17,604","Semaglutide 2.4 mg SC weekly",Placebo,"3-point MACE",Cited only for population/dose/design context supporting SELECT-KIDNEY-2024 and for parent-trial sample-size reconciliation in the dialysis safety discussion,Abstract-level context only,High (context only),"04;06;10;12;15"
SELECT-GLYCEMIA-2024,"Effect of Semaglutide on Regression and Progression of Glycemia in People With Overweight or Obesity but Without Diabetes in the SELECT Trial","Kahn SE; Deanfield JE; Jeppesen OK; et al.","Diabetes Care",2024,10.2337/dc24-0491,38907683,SELECT (NCT03574597),RCT prespecified secondary analysis,Prespecified,"SELECT participants without diabetes, analyzed by baseline HbA1c/glycemic status",Semaglutide 2.4 mg SC weekly,Placebo,"HbA1c trajectory; regression to normoglycemia and progression to biochemical diabetes","Baseline mean HbA1c 5.78%; 66.4% prediabetic (HbA1c 5.7-6.4%); only 33.5% normoglycemic (<5.7%)","Primary PMC article (PMCID PMC11282386) identifies a prespecified secondary analysis; baseline glycemic characterization is used only to show that 'without diabetes' is not equivalent to 'without dysglycemia' and does not establish kidney-effect mediation",High (prespecified secondary analysis; baseline characterization),"04;06"
SOUL-PRIMARY-2025,"Oral Semaglutide and Cardiovascular Outcomes in High-Risk Type 2 Diabetes","McGuire DK; Marx N; Mulvagh SL; et al.","N Engl J Med",2025,10.1056/NEJMoa2501006,40162642,SOUL (NCT03914326),RCT primary publication,Primary (CV),"T2D + ASCVD and/or CKD, N=9650 (4825/4825)","Oral semaglutide 14 mg daily",Placebo,"3-point MACE","579/4825 (12.0%) vs 668/4825 (13.8%), HR 0.86 (0.77-0.96) P=0.006; confirmatory secondary outcomes (incl. kidney composite) did not differ significantly per abstract; mean follow-up 47.5+/-10.9 months","Population had more preserved kidney function than FLOW (mean eGFR ~74); UACR not collected; also cited for parent-trial sample-size reconciliation in the dialysis safety discussion",High (abstract-verified),"06;10;12;13;14;15"
SOUL-KIDNEY-2026,"Impact of Oral Semaglutide on Kidney Outcomes in People With Type 2 Diabetes: Results From the SOUL Randomized Trial","Mann JFE; Marx N; Deanfield JE; et al.","Diabetes Care",2026,10.2337/dc25-1080,41380027,SOUL (NCT03914326),RCT prespecified secondary analysis (hierarchically gated),Prespecified,"T2D + ASCVD and/or CKD, N=9650, mean eGFR 73.8, UACR not collected","Oral semaglutide 14 mg daily",Placebo,"Five-point kidney/CV-death composite (persistent >=50% eGFR decline, persistent eGFR<15, chronic KRT, kidney death, or CV death); four-point composite excl. CV death; eGFR slope","5-point composite: 403/4825 (8.4%) vs 435/4825 (9.0%), HR 0.91 (0.80-1.05) P=0.19 - NOT significant; 4-point (excl. CV death): 112/4825 vs 129/4825, HR 0.86 (0.66-1.10) P=0.22; eGFR-slope difference 0.40 (0.27-0.53) mL/min/1.73m2/yr, nominal P<0.0001 favoring semaglutide; placebo-arm kidney-composite event rate ~2.3/100 patient-yr (~1/3 of FLOW's 7.5/100 patient-yr)","Kidney composite was nonsignificant; lower baseline kidney risk and fewer events are an author-offered explanation, not a proven causal attribution, and dose/route cannot be isolated; ADA copyright/TDM-ML restriction on cached parse - cite via independently verified abstract text only, never as sole basis; once the kidney composite failed, the eGFR slope and all further SOUL secondary analyses are formally exploratory under the prespecified testing hierarchy",Suggestive/formally exploratory (nominal eGFR slope after gate failure); Not significant (composite kidney outcome),"06;12;13;14;15"
SELECT-FLOW-SOUL-POOLED-2026,"Effect of semaglutide on kidney outcomes in the SELECT, FLOW, and SOUL trials: a prespecified pooled analysis","Mann JFE; Badve SV; Baeres FMM; et al.","Lancet Diabetes Endocrinol",2026,10.1016/S2213-8587(26)00134-8,42567173,"Pooled: SELECT, FLOW, SOUL",Prespecified participant-level pooled analysis,Prespecified,"N=30,787 pooled across 3 trials (FLOW=T2D+CKD 1.0mg SC; SELECT=established ASCVD w/o diabetes 2.4mg SC; SOUL=T2D+ASCVD/CKD 14mg oral); mean follow-up 39.5-47.5 months","Semaglutide (dose/route per parent trial)",Placebo,"Primary pooled composite: persistent >=50% eGFR decline, kidney failure (persistent eGFR<15 or KRT), kidney death, or CV death; narrower secondary excludes CV death","Primary: 973 vs 1134 events, HR 0.84 (0.77-0.91); narrower (excl. CV death): 347 vs 416 events, HR 0.80 (0.69-0.92); SAEs numerically lower with semaglutide","PubMed Methods verifies both harmonized endpoint definitions. PubMed records electronic publication on 2026-08-07 and PublicationStatus=aheadofprint at the 2026-09-05 cutoff; raw Crossref metadata records only 2026-08 without a day, so 2026-08-01 is a tool-normalization artifact rather than a competing exact date; no volume/issue/pages assigned; heterogeneous baseline characteristics/dose/route across trials explicitly acknowledged by authors; pooled estimate is statistically dependent on its parent trials and must not be ranked beside them as an independent estimate; abstract-level only, full text/tables not obtained; the authors' own 'might not be explained only by glycaemic/weight effects' statement is a cross-trial-consistency inference, not a formal mediation analysis - graded hypothesis-generating for that specific claim, while the pooled HRs themselves are prespecified RCT-level evidence",High (pooled HRs and endpoint definitions; abstract-verified); Hypothesis-generating (glycemia/weight-independence interpretation),"06;07;09;12;13;14;15"
GLP1-CLASSMETA-BADVE-2025,"Effects of GLP-1 receptor agonists on kidney and cardiovascular disease outcomes: a meta-analysis of randomised controlled trials","Badve SV; Bilal A; Lee MMY; et al.","Lancet Diabetes Endocrinol",2025,10.1016/S2213-8587(24)00271-7,39608381,"Meta-analysis of 10 T2D RCTs; 11 RCTs when SELECT was added post hoc",Meta-analysis,n/a (aggregate); PROSPERO CRD42024528864,"T2D-only N=67,769; N=85,373 when SELECT was added post hoc","Various GLP-1 receptor agonists",Placebo,"CV-death-excluded kidney composite: kidney failure (KRT or persistent eGFR<15), sustained >=50% eGFR decline or nearest trial equivalent, or kidney-failure death; kidney failure; MACE; all-cause death; SAEs; discontinuation","T2D-only: kidney composite HR 0.82 (0.73-0.93); kidney failure HR 0.84 (0.72-0.99); MACE HR 0.87 (0.81-0.93); all-cause death HR 0.88 (0.83-0.93); with SELECT added post hoc: kidney composite HR 0.81 (0.72-0.92), MACE HR 0.86 (0.80-0.92), no heterogeneity vs T2D-only (P-heterogeneity>0.05); serious adverse events RR 0.95 (0.90-1.01), I2=88.5%; adverse-event discontinuation RR 1.51 (1.18-1.94), I2=96.3%","Per-molecule breakdown not available in the abstract - pooled HR heavily weighted by FLOW/semaglutide and must not be transferred uniformly to liraglutide/dulaglutide/efpeglenatide/exenatide/lixisenatide/tirzepatide; composite excludes CV death and must not be directly equated with FLOW's five-component endpoint; kidney-failure-specific CI upper bound (0.99) barely excludes null; high safety heterogeneity; abstract-level only, full text not obtained",High (pooled-level; abstract-verified); per-molecule breakdown not established,"06;07;09;12;13;14;15"
COMBO-MODEL-NEUEN-2024,"Estimated Lifetime Cardiovascular, Kidney and Mortality Benefits of Combination Treatment With SGLT2 Inhibitors, GLP-1 Receptor Agonists, and Non-steroidal MRA Compared With Conventional Care in Patients With Type 2 Diabetes and Albuminuria","Neuen BL; Heerspink HJL; Vart P; et al.","Circulation",2024,10.1161/CIRCULATIONAHA.123.067584,37952217,"Modeled from CANVAS+CREDENCE (SGLT2i), 8 GLP-1RA CVOTs (FLOW NOT included), FIDELIO-DKD+FIGARO-DKD (finerenone)",Modeled/actuarial lifetime-benefit extrapolation (assumes full or 50% additivity),n/a (not a trial),"T2D + UACR>=30 mg/g (modeled from CANVAS/CREDENCE conventional-care-arm population, N=3482)","Modeled triple combination: SGLT2i + GLP-1RA + ns-MRA (finerenone)","Modeled conventional care","Modeled MACE, HF hospitalization, CKD progression, CV death, all-cause death event-free survival","Modeled MACE HR 0.65 (0.55-0.76); 3y ARR 4.4% (3.0-5.7); NNT 23 (18-33); CKD-progression-free-survival gain at age 50 = 5.5y (4.0-6.7); 50%-additivity sensitivity: MACE HR 0.73 (0.62-0.87)","NOT randomized combination-therapy evidence and NOT semaglutide-specific (FLOW not an input trial); applies separately-estimated relative effects to a single population assuming full/50% additivity, an explicit unvalidated methodological assumption; local derivative reuse rights remain unresolved, so use verified underlying publication metadata/results rather than redistributing that derivative; must be labeled 'modeled/simulated,' never 'trial-proven'",Hypothesis-generating / modeled (not direct RCT evidence),"07;08;12;13;14;15"
SAWAMI-REVIEW-2024,"Updated evidence on cardiovascular and renal effects of GLP-1 receptor agonists and combination therapy with SGLT2 inhibitors and finerenone: a narrative review and perspectives","Sawami K; Tanaka A; Node K","Cardiovasc Diabetol",2024,10.1186/s12933-024-02500-y,39548500,n/a,Narrative review,n/a,n/a,n/a,n/a,n/a,"Narrative synthesis of others' trial results (cross-trial summary tables built from primary papers) - re-verify any number against the primary trial before citing; per evidence hierarchy this may never substitute for a primary source",n/a,"Review/editorial (background/context only, not a primary evidentiary source)","09;12"
SMART-NONDIABETIC-2025,"Semaglutide in non-diabetic CKD (SMART trial)","Apperloo EM; et al.","Nature Medicine",2025,10.1038/s41591-024-03327-6,39455729,SMART,RCT surrogate-endpoint trial,Prespecified,"Non-diabetic CKD, N=101, 24-week surrogate trial",Semaglutide,Placebo,"UACR change (surrogate)","UACR 52.1% lower relative to placebo at 24 weeks","Short-term surrogate-endpoint trial only; does not establish hard-kidney-outcome efficacy; no hard-outcome inference should be drawn",Suggestive (surrogate; non-diabetic CKD),"05;07;12;15"
SMART-MGFR-2026,"Measured GFR analysis of the SMART trial","Heerspink HJL; et al.","Clin J Am Soc Nephrol",2026,10.2215/CJN.0000001051,42308057,SMART,Post hoc mechanistic sub-study,Post hoc,"SMART participants with iohexol-measured GFR",Semaglutide,Placebo,"Measured (iohexol) GFR change","Supports evaluation of the creatinine/muscle-mass artifact question; does not itself establish a hard-outcome mechanism","Mechanistic/surrogate evidence only; non-diabetic CKD population, short-term",Suggestive (mechanistic),"09;12"
REMODEL-REGISTRY-2026,"REMODEL trial/registry (semaglutide, kidney mechanism)","(investigators; design paper: Pruijm M et al.)","ClinicalTrials.gov NCT04865770 / Kidney Int / NDT (design)",2026,10.1016/j.kint.2025.10.005 (methods); 10.1093/ndt/gfaf114 (design),41207620 (methods); 40608494 (design),REMODEL (NCT04865770),Registry/design papers only,n/a,n/a,n/a,n/a,n/a,"Results first posted to registry 2026-01-14; NO peer-reviewed primary-results paper identified by the 2026-09-05 cutoff","Registry/conference/sponsor-level findings only - must NOT be upgraded to peer-reviewed evidence; design/methods papers describe the planned mechanistic study, not results",Unknown (no peer-reviewed results),"09;12;15"
CREDENCE-2019,"Canagliflozin and Renal Outcomes in Type 2 Diabetes and Nephropathy","Perkovic V; Jardine MJ; Neal B; et al.","N Engl J Med",2019,10.1056/NEJMoa1811744,30990260,CREDENCE,RCT primary publication,Primary,"T2D + albuminuric CKD; eGFR 30-<90; UACR >300-5000; mandatory stable RAS blockade; N=4401",Canagliflozin 100mg,Placebo,"ESKD, doubling of serum creatinine, or renal/CV death","Primary HR 0.70 (0.59-0.82); renal-specific composite HR 0.66 (0.53-0.81); ESKD HR 0.68 (0.54-0.86); CV death HR 0.78 (0.61-1.00)","Primary article rechecked for contextual comparison; acute/chronic eGFR estimates are sourced separately to CREDENCE-EGFR-SLOPE-2020; composite definition differs from FLOW, including a doubling-creatinine threshold and CV death; trial stopped early; cross-trial comparison is contextual, not a treatment ranking",High (primary RCT; contextual comparison),"07;12;14"
DAPA-CKD-2020,"Dapagliflozin in Patients with Chronic Kidney Disease","Heerspink HJL; Stefansson BV; Correa-Rotter R; et al.","N Engl J Med",2020,10.1056/NEJMoa2024816,32970396,DAPA-CKD,RCT primary publication,Primary,"CKD with/without T2D; eGFR 25-75; UACR 200-5000; N=4304",Dapagliflozin 10mg,Placebo,"Sustained >=50% eGFR decline, ESKD, or renal/CV death","Primary HR 0.61 (0.51-0.72); renal-specific composite HR 0.56 (0.45-0.68); ESKD HR 0.64 (0.50-0.82); isolated CV death HR 0.81 (0.58-1.12); CV-death/HF-hospitalization composite HR 0.71 (0.55-0.92); total-slope difference +0.93 and chronic-slope difference +1.92 mL/min/1.73m2/yr","Primary outcome article; diabetes prevalence and background ACEi/ARB/GLP-1RA values are sourced separately to DAPA-CKD-BASELINE-2020; different composite/background-therapy mix from FLOW; trial stopped early; cross-trial comparison is contextual only",High (primary RCT; contextual comparison),"07;12;14"
DAPA-CKD-BASELINE-2020,"The dapagliflozin and prevention of adverse outcomes in chronic kidney disease (DAPA-CKD) trial: baseline characteristics","Wheeler DC; Stefansson BV; Batiushin M; et al.","Nephrol Dial Transplant",2020,10.1093/ndt/gfaa234,32862232,DAPA-CKD,Trial baseline-characteristics publication,n/a (descriptive baseline),"N=4304; 2906 (67.5%) with diabetes; 4174 (97.0%) receiving ACEi/ARB; 122 (2.8%) receiving GLP-1RA",Dapagliflozin 10mg or placebo,n/a,"Baseline characteristics","T2D 67.5%; ACEi/ARB 97.0%; GLP-1RA 2.8% overall","Descriptive baseline report, not an outcomes-effect analysis; used only for contextual comparator fields; CC BY-NC 4.0",High (primary descriptive baseline),"01;14"
EMPA-KIDNEY-2023,"Empagliflozin in Patients with Chronic Kidney Disease","Herrington WG; Staplin N; Wanner C; et al.","N Engl J Med",2023,10.1056/NEJMoa2204233,36331190,EMPA-KIDNEY,RCT primary publication,Primary,"CKD with/without diabetes; eGFR >=20 under protocol pathways; N=6609; 46% diabetes; median UACR 329; ~86% RAS blockade",Empagliflozin 10mg,Placebo,"Kidney disease progression or CV death","Primary HR 0.72 (0.64-0.82); kidney-disease progression HR 0.71 (0.62-0.81); CV death HR 0.84 (0.60-1.19); total-slope difference +0.75 and chronic-slope difference +1.37 mL/min/1.73m2/yr","Primary PMC/XML article rechecked for contextual comparison; eGFR floor lower and albuminuria spectrum broader than FLOW; stopped early at about 2 years; cross-trial comparison is contextual only",High (primary RCT; contextual comparison),"07;12;14"
FIDELIO-DKD-2020,"Finerenone in Reducing Kidney Failure and Disease Progression in Diabetic Kidney Disease","Bakris GL; Agarwal R; Anker SD; et al.","N Engl J Med",2020,10.1056/NEJMoa2025845,33264825,FIDELIO-DKD,RCT primary publication,Primary,"T2D + albuminuric CKD; eGFR 25-<75; N=5734 randomized and 5674 analyzed; background SGLT2i 4.5%, GLP-1RA 7.0%",Finerenone,Placebo,"Kidney failure, sustained >=40% eGFR decline, or renal death (excludes CV death)","Primary HR 0.82 (0.73-0.93); kidney failure 7.3% vs 8.3%; CV death 4.5% vs 5.3% (not significant); chronic slope -2.66 vs -3.97, difference about +1.31 mL/min/1.73m2/yr","Primary metadata/results rechecked; composite excludes CV death, unlike FLOW/CREDENCE/DAPA-CKD/EMPA-KIDNEY, and background SGLT2i/GLP-1RA use was low; cross-trial HRs are not directly rankable",High (primary RCT; contextual comparison),"08;12;14"
FIDELITY-POOLED-2022,"FIDELITY pooled analysis of FIDELIO-DKD and FIGARO-DKD","Agarwal R; Filippatos G; Pitt B; et al.","Eur Heart J",2022,10.1093/eurheartj/ehab777,35023547,"FIDELIO-DKD + FIGARO-DKD pooled",Prespecified pooled analysis,Prespecified,"T2D + CKD across complementary pathways: eGFR >=25 with pathway-specific upper bounds; FIGARO's UACR 300-5000/eGFR>=60 pathway had no stated eGFR upper bound; N=13,026 analyzed; RAS blockade 99.8%; SGLT2i 6.7%; GLP-1RA 7.2%; median UACR 515 mg/g",Finerenone,Placebo,"CV composite; kidney composite (separate, excludes CV death)","CV composite HR 0.86 (0.78-0.95); kidney composite HR 0.77 (0.67-0.88); ESKD HR 0.80 (0.64-0.99); isolated CV death HR 0.88 (0.76-1.02); primary article did not report eGFR slope","Primary PMC article rechecked; pooled parent trials rather than a standalone RCT; kidney composite excludes CV death; GLP-1RA-background subgroup is indirect and asks the reverse of semaglutide added to finerenone; cross-trial comparison contextual only",High (prespecified pooled RCT analysis; contextual comparison),"08;12;14"
GLP1R-LOCALIZATION-2014,"GLP-1 receptor localization in monkey and human tissue: novel distribution revealed with extensively validated monoclonal antibody","Pyke C; Heller RS; Kirk RK; et al.","Endocrinology",2014,10.1210/en.2013-1934,24467746,n/a,Human/animal tissue immunohistochemistry study,n/a,"Human, monkey, rat, mouse kidney cortex tissue",n/a,n/a,"GLP-1 receptor localization","GLP-1R found exclusively in vascular smooth muscle cells of preglomerular arterial/arteriolar walls in human kidney cortex - NOT in glomeruli, tubules, or veins","Abstract-level secondary summary only, full text not independently retrieved; other groups report discordant findings (proximal-tubular overlap with DPP-4) - literature on renal GLP-1R localization is genuinely discordant, not resolved by this study alone",Suggestive (best-validated single study; localization overall unresolved),"09;15"
GLP1-RENAL-CROSSTALK-2024,"GLP-1 and the kidney: from physiology to pharmacology and outcomes in diabetes and CKD","Hinrichs GR; Hovind P; Asmar A","Am J Physiol Cell Physiol",2024,10.1152/ajpcell.00476.2023,38105752,n/a,Mechanistic review (cites human infusion physiology studies),n/a,n/a,n/a,n/a,n/a,"States 'no consensus about the localization of GLP-1 receptors in human kidneys'; summarizes human infusion-study evidence for a natriuretic/RAAS-suppression effect independent of change in total renal plasma flow/GFR (citing Gutzwiller 2004; Skov 2013 J Clin Endocrinol Metab 98:E664; Asmar 2019 J Clin Endocrinol Metab 104:2509)","Secondary-extraction (WebFetch summary of PMC mirror, publisher page 403); underlying primary infusion studies not independently re-verified; mechanistic review, not primary outcome data",Suggestive (human mechanistic/biomarker evidence for natriuretic pathway); Unknown (definitive human renal GLP-1R localization),"09;15"
FDA-OZEMPIC-APPROVAL-S025-2025,"FDA supplement S-025 approval letter for the initial U.S. CKD-risk-reduction indication","U.S. Food and Drug Administration","FDA Drugs@FDA",2025,n/a,n/a,n/a,Regulatory approval action,n/a,n/a,n/a,n/a,n/a,"Historical chronology source establishing the 2025-01-28 initial approval date; NOT the current PI wording - use FDA-OZEMPIC-USPI-S038-2026 for current label text","Approval-letter/chronology use only, not current wording",High (official regulatory record),"11;13;15"
FDA-OZEMPIC-USPI-S038-2026,"Ozempic (semaglutide) injection, U.S. Prescribing Information, supplement S-038","U.S. Food and Drug Administration / Novo Nordisk","FDA / DailyMed",2026,n/a,n/a,n/a,Current regulatory labeling,n/a,n/a,n/a,n/a,n/a,"Indications and Usage bullet 3 (verbatim): 'to reduce the risk of sustained eGFR decline, end-stage kidney disease, and cardiovascular death in adults with type 2 diabetes mellitus and chronic kidney disease' - a standalone indication, distinct from the glycemic-control and MACE-reduction indications","Current wording as of 2026-09-05 cutoff (DailyMed setid adec4fd2-6858-4c99-91d4-531f5f2a2d79, revised 2026-05); indication is broader in wording than FLOW's precise eGFR/UACR enrollment pathways; 'no renal dose adjustment' is a PK statement, not proof of dialysis efficacy; manufacturer-copyrighted labeling - use short attributed paraphrase, not bulk reproduction",High (official regulatory record),"10;11;13;14;15"
EMA-OZEMPIC-SMPC-2026,"Ozempic (semaglutide) EU Summary of Product Characteristics (Annex I)","European Medicines Agency / Novo Nordisk","EMA (EMEA/H/C/004174)",2026,n/a,n/a,n/a,Current EU regulatory labeling,n/a,n/a,n/a,n/a,n/a,"Section 4.1 remains the standard T2D glycaemic-control indication and directs readers to sections 4.4/4.5/5.1; FLOW trial data sit in Section 5.1, so the EU has not granted a standalone CKD risk-reduction indication analogous to the U.S. label","Do not describe this as a U.S.-style independent CKD indication or call the U.S./EU/Taiwan indication wording substantively identical","High (official regulatory record, independently read)","11;13;14;15"
TFDA-OZEMPIC-2026,"Ozempic (semaglutide) Taiwan label","Taiwan Food and Drug Administration / Novo Nordisk","TFDA (license 衛部菌疫輸字第001107號)",2026,n/a,n/a,n/a,Current Taiwan regulatory labeling,n/a,n/a,n/a,n/a,n/a,"Standalone third indication (short English paraphrase of the official Chinese text): reduces risk of sustained eGFR decline, progression to end-stage kidney disease, or cardiovascular death in T2D patients with existing CKD - parallels the FDA's independent-indication structure","2026-01-26 is the label's most recent revision date, NOT a verified first-approval date for the Taiwan CKD indication - no checked source establishes the exact first-approval date",High (official regulatory record),"11;13;14;15"
KDIGO-DIABETES-CKD-UPDATE-2026-DRAFT,"KDIGO 2026 Clinical Practice Guideline for Diabetes Management in Chronic Kidney Disease Update","KDIGO Diabetes Work Group","KDIGO",2026,n/a,n/a,n/a,Clinical practice guideline - public-review draft,n/a,n/a,n/a,n/a,n/a,"Posted for public review March 2026; comment period closed 2026-04-13; NO final/published version identified as of the 2026-09-05 cutoff - MUST be labeled DRAFT throughout, never cited as finalized guidance; secondary summaries suggest a possible 'foundational therapy + additional risk-based therapy' framework and a proposed UACR>=100 mg/g reasoning derived from FLOW, but exact verbatim text is unverified and must not be quoted as final policy","Draft status; content directionality from secondary summaries only, not verbatim-confirmed against the primary PDF (direct fetch returned HTTP 403)",Provisional (draft; not finalized),"11;12;13;15"
ADA-STANDARDS-2026,"American Diabetes Association Standards of Care in Diabetes-2026, Chapter 11 (CKD and Risk Management) and Chapter 9 (Pharmacologic Approaches)","American Diabetes Association Professional Practice Committee","Diabetes Care",2026,10.2337/dc26-S011 (Ch.11); 10.2337/dc26-S009 (Ch.9),41358881,n/a,Clinical practice guideline,n/a,n/a,n/a,n/a,n/a,"Final guideline; official pages rechecked for 11.7a/11.7b, 9.10/9.11, 11.9, and 11.11b: SGLT2i remains foundational kidney/CV therapy in T2D+CKD at eGFR>=20; 11.7b recommends a GLP-1 agonist with demonstrated benefit in this population to reduce kidney progression and CV risk, without an HbA1c-failure condition; 9.10 addresses eGFR 20-60 and/or albuminuria irrespective of A1c; advanced-CKD/dialysis guidance remains lower certainty and must be separated from randomized efficacy","Official pages and numbering independently rechecked; downstream paraphrases must not imply SGLT2i and GLP-1RA have identical kidney-failure evidence or that SGLT2i+GLP-1RA+finerenone additive hard-outcome efficacy has been directly randomized","High (final guideline; official recommendations verified)","11;12;13;15"
CKM-GUIDELINE-2026,"2026 AHA/ACC/ADA/ASN Guideline for the Prevention, Detection, Evaluation, and Management of Cardiovascular-Kidney-Metabolic Syndrome","Ndumele CE; et al.","J Am Coll Cardiol / Circulation",2026,10.1016/j.jacc.2026.03.056 (JACC); 10.1161/CIR.0000000000001453 (Circulation; companion),42265997,n/a,Clinical practice guideline,n/a,n/a,n/a,n/a,n/a,"Final, published online 2026-06-09; positions GLP-1RA, SGLT2i, and finerenone (nsMRA) as effective, simultaneously-relevant therapies for T2D+CKD, using the PREVENT risk equation to stratify treatment intensity; evidence-search window (2024-10-29 to 2025-04-14) explicitly CANNOT incorporate later SOUL-kidney, 2026 FLOW-subgroup, dialysis-safety, or August-2026-pooled evidence","Author-manuscript cached copy carries an explicit AHA reuse restriction (no redistribution without permission) - paraphrase and cite only, do not reproduce guideline text at length; exact Class-of-Recommendation/Level-of-Evidence sequencing language for RASi+SGLT2i+finerenone+GLP-1RA not independently verbatim-confirmed by this project; the phrase 'four pillars' was NOT found attributed to this guideline in any source reached by this project",High (publication fact; final); Provisional (verbatim sequencing recommendation text),"11;12;13;15"
FLOW-PROTOCOL-2021,"FLOW - Effect of Semaglutide versus Placebo on the Progression of Renal Impairment in Subjects with Type 2 Diabetes and Chronic Kidney Disease: Protocol v5.0","Novo Nordisk A/S","ClinicalTrials.gov document repository",2021,n/a,n/a,"FLOW (NCT03819153)",Standalone trial protocol v5.0,Prospective,"Adults with T2D and albuminuric CKD under two eGFR/UACR pathways","Semaglutide 1.0 mg SC weekly plus standard care","Placebo plus standard care","Time to first five-component kidney/CV-death composite","Synopsis pp.6-7 confirms the endpoint, ITT estimand, eligibility pathways and 20% eGFR>=60 cap; trial-design pp.19-20 confirms baseline-SGLT2i stratification and event-driven design","Official registry PDF read locally 2026-09-05; final dated 2021-01-25; 88 numbered pages plus cover; SHA-256 bae8726d97f1b17477fd3be553ab59b16be3668b9ce358e6e7dba16ca63ad9af; sponsor proprietary/confidentiality language means public accessibility is not treated as permission to redistribute a derivative",High (prospective protocol; official registry copy),"01;02;12;13;14;15"
FLOW-SAP-2023,"FLOW Statistical Analysis Plan v3.0","Novo Nordisk A/S","ClinicalTrials.gov document repository",2023,n/a,n/a,"FLOW (NCT03819153)",Standalone statistical analysis plan v3.0,Prospective,"FLOW randomized population","Semaglutide 1.0 mg SC weekly","Placebo","Primary five-component composite; hierarchical total eGFR slope, MACE, all-cause death","Section 2.1 pp.6-7 confirms 90% power, one interim at two-thirds information, no futility test, Lan-DeMets/O'Brien-Fleming approximation, 854 planned events and illustrative 570-event boundary; section 2.3.1 p.12 gives stratified Cox/ITT analysis; section 2.4.1 pp.17-18 gives hierarchy and group-sequential caveat","Official registry PDF read locally 2026-09-05; final dated 2023-02-09; 34 numbered pages plus cover; SHA-256 01c40326165039baba0f48c3ca9761240d59e4656a724533c4746dd00d35731e; sponsor proprietary/confidentiality language; not redistributed",High (prospective SAP; official registry copy),"01;02;03;12"
SOUL-PROTOCOL-2021,"Semaglutide cardiovascular outcomes trial in patients with type 2 diabetes (SOUL): Protocol v4.0","Novo Nordisk A/S","ClinicalTrials.gov document repository",2021,n/a,n/a,"SOUL (NCT03914326)",Standalone trial protocol v4.0,Prospective,"Adults with T2D at high CV risk","Oral semaglutide 14 mg daily plus standard care","Placebo plus standard care",MACE primary; hierarchical CKD composite first confirmatory secondary,"Protocol pp.17-19 defines the CV-death-inclusive five-component CKD endpoint as first confirmatory secondary and the CV-death-excluded composite as supportive; section 10.3.2.1 p.50 gives CKD-to-CV-death-to-MALE hierarchy","Official registry PDF read locally 2026-09-05; final dated 2021-01-26; 89 numbered pages plus cover; SHA-256 17c3bb510da0a3e65ae4407f27d8f9481671053b9fa49b065108823a21bae2da; sponsor proprietary/confidentiality language; not redistributed",High (prospective protocol; official registry copy),"01;06"
FLOW-REGISTRY-2025,"FLOW Study Record NCT03819153","Novo Nordisk A/S",ClinicalTrials.gov,2025,n/a,n/a,"FLOW (NCT03819153)",Trial registry,Prospective and results record,"Adults with T2D and CKD","Semaglutide 1.0 mg SC weekly","Placebo","Registered primary kidney/CV-death composite","Official record completed; results first posted and record last updated 2025-03-20; checked headline endpoint/time-frame concordance with publication","A complete version-history and field-by-field reconciliation was not performed; registry and publication N should remain source-specific",High (official registry),"01;02"
SOUL-REGISTRY-2025,"SOUL Study Record NCT03914326","Novo Nordisk A/S",ClinicalTrials.gov,2025,n/a,n/a,"SOUL (NCT03914326)",Trial registry,Prospective and results record,"Adults with T2D at high CV risk","Oral semaglutide 14 mg daily","Placebo",MACE primary and kidney secondary outcomes,"Official record completed; enrollment shown as 9651; record last updated 2025-12-11","Publication reports 9650 randomized/analyzed and no checked source explains the one-person difference; preserve source-specific counts",High (official registry),"01;06"
KDIGO-DIABETES-CKD-2022,"KDIGO 2022 Clinical Practice Guideline for Diabetes Management in Chronic Kidney Disease","KDIGO Diabetes Work Group","Kidney Int",2022,10.1016/j.kint.2022.06.008,36272764,n/a,Clinical practice guideline,n/a,n/a,n/a,n/a,n/a,"Pre-FLOW final guideline: RAS blockade and SGLT2i foundational; long-acting GLP-1RA recommended primarily when individualized glycemic targets remain unmet despite metformin/SGLT2i or those agents cannot be used","Predates FLOW and therefore cannot contain dedicated semaglutide kidney-outcome evidence; do not project later recommendations backward",High (final guideline),"01;11;13"
KDIGO-CKD-2024,"KDIGO 2024 Clinical Practice Guideline for the Evaluation and Management of Chronic Kidney Disease","KDIGO CKD Work Group","Kidney Int",2024,10.1016/j.kint.2023.10.018,38490803,n/a,Clinical practice guideline,n/a,n/a,n/a,n/a,n/a,"Final broad CKD guideline published before FLOW's full kidney-outcome incorporation into later guidance","Temporal/context source; does not establish a post-FLOW semaglutide-specific sequencing recommendation",High (final guideline),"01;11;13"
CREDENCE-EGFR-SLOPE-2020,"Renal, Cardiovascular, and Safety Outcomes of Canagliflozin by Baseline Kidney Function: A Secondary Analysis of the CREDENCE Randomized Trial","Jardine MJ; Zhou Z; Mahaffey KW; et al.","J Am Soc Nephrol",2020,10.1681/ASN.2019111168,32354987,CREDENCE,RCT secondary analysis,Prespecified subgroup/secondary analysis,"CREDENCE participants by baseline eGFR","Canagliflozin 100 mg","Placebo","Acute and chronic eGFR slopes","Baseline-to-week-3 between-arm difference in absolute eGFR change -3.17 (-3.87 to -2.47) mL/min/1.73m2; post-week-3 chronic slope difference +2.74 (2.37-3.11) mL/min/1.73m2/year (Table 1)","Secondary analysis rather than the primary CREDENCE report; acute between-arm difference in absolute change must not be labeled per-year; contextual cross-trial comparison only",High (prespecified secondary analysis; contextual),"14"
LEADER-RENAL-2017,"Liraglutide and Renal Outcomes in Type 2 Diabetes","Mann JFE; Orsted DD; Brown-Frandsen K; et al.","N Engl J Med",2017,10.1056/NEJMoa1616011,28854085,LEADER,RCT prespecified secondary analysis,Prespecified,"T2D at high CV risk; N=9340","Liraglutide","Placebo","New persistent macroalbuminuria, persistent doubling creatinine, ESKD, or kidney death","Kidney composite HR 0.78 (0.67-0.92); driven primarily by new persistent macroalbuminuria HR 0.74 (0.60-0.91)","CVOT secondary renal outcome dominated by albuminuria; not a dedicated kidney-outcomes trial and not semaglutide",Supportive molecule-specific secondary evidence,"06;12;15"
REWIND-RENAL-2019,"Dulaglutide and renal outcomes in type 2 diabetes: an exploratory analysis of the REWIND randomised placebo-controlled trial","Gerstein HC; Colhoun HM; Dagenais GR; et al.",Lancet,2019,10.1016/S0140-6736(19)31150-X,31189509,REWIND,RCT exploratory secondary analysis,Exploratory,"T2D with prior CV event or risk factors; N=9901","Dulaglutide 1.5 mg weekly","Placebo","New macroalbuminuria, sustained >=30% eGFR decline, or chronic RRT","Renal composite HR 0.85 (0.77-0.93); macroalbuminuria HR 0.77 (0.68-0.87); chronic RRT HR 0.75 (0.39-1.44)","Composite clearest for macroalbuminuria; sparse RRT estimate; not a dedicated kidney-outcomes trial",Supportive molecule-specific exploratory evidence,"06;12;15"
AMPLITUDEO-SGLT2-2022,"Efpeglenatide and Clinical Outcomes With and Without Concomitant SGLT2 Inhibition Use in Type 2 Diabetes: Exploratory Analysis of AMPLITUDE-O","Lam CSP; Ramasundarahettige C; Branch KRH; et al.",Circulation,2022,10.1161/CIRCULATIONAHA.121.057934,34775781,AMPLITUDE-O,RCT exploratory baseline-use subgroup,Exploratory,"T2D with CV or kidney disease; 618 baseline SGLT2i users","Efpeglenatide","Placebo","MACE and renal composite by baseline SGLT2i use","Renal-composite HR 0.70 (0.59-0.83) without and 0.52 (0.33-0.83) with baseline SGLT2i; all interaction P values >0.2","Different GLP-1RA; background SGLT2i not factorially randomized; short follow-up and subgroup interpretation; not semaglutide-specific additivity",Suggestive class-adjacent subgroup evidence,"06;07;12"
EXSCEL-EGFR-2020,"Effect of once-weekly exenatide on eGFR slope depends on baseline renal risk: post hoc EXSCEL analysis","van der Aart-van der Beek AB; et al.","Diabetes Obes Metab",2020,10.1111/dom.14175,32803900,EXSCEL,RCT post hoc analysis,Post hoc,"T2D CVOT participants with eGFR/UACR data subsets","Exenatide once weekly","Placebo","eGFR slope and UACR by baseline albuminuria","eGFR-slope difference +0.79 (0.24-1.34) for UACR>100 and +1.32 (0.57-2.06) for UACR>200; no benefit at lower thresholds; UACR reductions in elevated-UACR strata","Post hoc incomplete-data subsets and surrogate outcomes; not a dedicated kidney-failure trial",Hypothesis-generating molecule-specific evidence,"06;12;15"
ELIXA-RENAL-2018,"Lixisenatide and renal outcomes in patients with type 2 diabetes and acute coronary syndrome: exploratory ELIXA analysis","Muskiet MHA; Tonneijck L; Huang Y; et al.","Lancet Diabetes Endocrinol",2018,10.1016/S2213-8587(18)30268-7,30292589,ELIXA,RCT exploratory secondary analysis,Exploratory,"T2D after recent acute coronary syndrome; N=6068","Lixisenatide","Placebo","UACR/eGFR; new macroalbuminuria; doubling creatinine","Albuminuria signal concentrated in macroalbuminuria; no significant eGFR decline difference; doubling-creatinine HR 1.163 (0.741-1.825)","Exploratory and albuminuria-dominant; adjusted new-macroalbuminuria estimates borderline; no hard-kidney efficacy",Hypothesis-generating molecule-specific evidence,"06;12;15"
SURPASS4-KIDNEY-2022,"Effects of tirzepatide versus insulin glargine on kidney outcomes in type 2 diabetes in SURPASS-4","Heerspink HJL; Sattar N; Pavo I; et al.","Lancet Diabetes Endocrinol",2022,10.1016/S2213-8587(22)00243-1,36152639,SURPASS-4,"Open-label RCT post hoc analysis",Post hoc,"T2D at high CV risk; mean eGFR 81.3; median UACR 15; N=2002","Tirzepatide (dual GIP/GLP-1 agonist)","Insulin glargine","eGFR slope, UACR, kidney composite including new macroalbuminuria","Post hoc kidney-composite HR 0.58 (0.43-0.80); eGFR-slope difference +2.2 (1.6-2.8) mL/min/1.73m2/year","Not a conventional single GLP-1RA; active open-label comparator; low baseline kidney risk; composite includes new macroalbuminuria; not a dedicated CKD hard-outcome trial",Hypothesis-generating molecule-specific evidence,"06;12;15"
SEMA-CANA-EARLYDKD-2026,"Short-term comparative effects of semaglutide alone or with canagliflozin on early diabetic kidney disease","authors not independently expanded","Pak J Pharm Sci",2026,10.36721/PJPS.2026.39.7.204.1,42170981,n/a,"Small four-arm randomized surrogate trial",Prespecified,"Early DKD; N=120 (30 per arm)","Canagliflozin; semaglutide; combination","Control","UACR and eGFR at 24 weeks","Abstract reports greater UACR reduction with combination versus monotherapy/control but no significant between-group eGFR difference; exact UACR estimate not reported in abstract","Very small and short; abstract-only; surrogate outcomes; reporting/methodological quality not comprehensively appraised; no hard outcomes",Low-to-moderate (direct randomized surrogate only),"07;12"
GLP1-SGLT2-BMJ-2024,"Effect of combination treatment with GLP-1 receptor agonists and SGLT2 inhibitors on cardiovascular and serious renal events: population based cohort study","Simms-Williams N; et al.",BMJ,2024,10.1136/bmj-2023-078242,38663919,n/a,"Population-based prevalent-new-user target-trial-emulation cohort",Observational,"UK adults with T2D adding one class to the other","GLP-1RA plus SGLT2i","Either class alone","MACE and serious renal events","Versus SGLT2i alone: serious renal events 10 vs 26; HR 0.67 (0.32-1.41) over median 8.5 months; GLP-1RA exposure mixed molecules including semaglutide","Residual/unmeasured confounding; short follow-up; only 36 serious renal events; class mixing; CI compatible with benefit/null/harm; cannot prove additivity",Suggestive observational class-level evidence,"07;12"
GLP1-ADDON-SGLT2-2026,"Kidney outcomes with GLP-1 receptor agonists in people with T2D already receiving SGLT2 inhibitors: target trial emulation","authors not independently expanded","Lancet Prim Care",2026,10.1016/j.lanprc.2026.100139,42109572,n/a,"Active-comparator new-user target-trial emulation",Observational,"UK primary-care T2D population already receiving SGLT2i; 33659 eligible treatment initiations among 31650 unique people","Add GLP-1RA","Add DPP-4 inhibitor or sulfonylurea","Kidney disease progression","Kidney-disease-progression HR 0.73 (0.58-0.92) for GLP-1RA addition versus active comparator","Nonrandomized; class-level rather than semaglutide-specific; residual confounding and treatment-selection bias remain",Suggestive observational evidence,"07;12"
FIDELITY-GLP1-2023,"Finerenone in patients across the spectrum of CKD and T2D by GLP-1RA use","Rossing P; et al.","Diabetes Obes Metab",2023,10.1111/dom.14883,36193847,FIDELITY,"Exploratory subgroup of pooled randomized trials",Exploratory,"FIDELITY N=13026; 944 baseline GLP-1RA users","Finerenone","Placebo","Kidney/CV outcomes by baseline/concomitant GLP-1RA use","Finerenone effects were directionally consistent by GLP-1RA background; exact GLP-1RA dose/type effects could not be assessed","GLP-1RA use not randomized; small event counts/wide CIs; reverse causal question; cannot prove semaglutide-plus-finerenone additivity",Suggestive indirect subgroup evidence,"08;12"
FIDELITY-TRIPLE-2026,"A FIDELITY Analysis on Finerenone With SGLT2i and GLP-1RA in CKD","Singh AK; et al.","Kidney Int Rep",2026,10.1016/j.ekir.2025.10.032,41630895,FIDELITY,"Exploratory concomitant-treatment subgroup",Exploratory,"FIDELITY N=12990; 167 used SGLT2i+GLP-1RA at baseline","Finerenone","Placebo","UACR, eGFR and BP trajectories; safety","Finerenone improved surrogate trajectories across concomitant-treatment strata; most frequent GLP-1RA/SGLT2i pair was liraglutide/empagliflozin","Only 167 triple-therapy baseline users; background drugs not randomized; surrogate analyses; not semaglutide-specific hard-outcome evidence",Hypothesis-generating indirect evidence,"08;12"
FINERENONE-TRIPLE-RWE-2025,"Real-World Effectiveness of Finerenone Added to SGLT2 Inhibitor and GLP-1RA Therapy in T2D and CKD","Nakhleh A; et al.","J Clin Med",2025,10.3390/jcm14228209,41303244,n/a,"Retrospective uncontrolled cohort",Observational,"T2D+CKD on SGLT2i plus liraglutide/dulaglutide/semaglutide; N=51","Add finerenone",No control,"UACR, eGFR and potassium at about 26 weeks","At median 27 weeks adjusted UACR change -51.3%; eGFR change -3.92 mL/min/1.73m2; potassium +0.34 mmol/L","No counterfactual; only 51 participants; GLP-1RA molecules pooled; surrogate/short-term; confounding and regression to mean; no hard-outcome inference",Low (real-world feasibility/surrogate only),"08;12"
RAPID-CKD-2026-REGISTRY,"Rapid and Simultaneous Initiation of Four Guideline-Directed CKD Therapies (RAPID-CKD)","study investigators",ClinicalTrials.gov,2026,n/a,n/a,"RAPID-CKD (NCT07547878)","Phase 4 open-label randomized pilot registry",Prospective,"T2D+CKD; planned N=64","Rapid simultaneous RASi+SGLT2i+finerenone+semaglutide","Usual slow sequential initiation","Six-month retention, UACR, eGFR and safety/feasibility outcomes","Registry status NOT_YET_RECRUITING at 2026-09-05; estimated start 2026-04-30; no results","Small feasibility/surrogate pilot, not powered for hard kidney outcomes; stale estimated start versus recruitment status must be preserved rather than reconciled by assumption",Unknown (ongoing/not yet recruiting),"08;12;13"
